Неделя;День;Тип;Приоритет;Ключевой запрос;Заголовок статьи
"Неделя 1: AI в футболе";"1";"гайд";"🔴 Высокий";"как работает ai аналитика футбольных матчей";"Как работает AI аналитика футбольных матчей: основы и примеры"
"Неделя 1: AI в футболе";"3";"прогноз";"🟡 Средний";"прогнозы на премьер-лигу с помощью искусственного интеллекта";"Прогнозы на Премьер-лигу с помощью искусственного интеллекта: что ожидать"
"Неделя 1: AI в футболе";"5";"аналитика";"🟡 Средний";"лучшие ai прогнозы на лигу чемпионов";"Лучшие AI прогнозы на Лигу чемпионов: анализ и советы"
"Неделя 2: AI в хоккее";"1";"гайд";"🔴 Высокий";"как анализировать хоккейные матчи с помощью AI";"Как AI помогает анализировать хоккейные матчи"
"Неделя 2: AI в хоккее";"3";"прогноз";"🟡 Средний";"прогнозы на матчи НХЛ с использованием AI";"AI-прогнозы на матчи НХЛ: как это работает"
"Неделя 2: AI в хоккее";"5";"обзор";"🟡 Средний";"лучшие стратегии ставок на хоккей";"Лучшие стратегии ставок на хоккей: советы экспертов"
"Неделя 3: AI в киберспорте: CS2";"1";"гайд";"🔴 Высокий";"как работает ai аналитика матчей CS2";"Как работает AI аналитика матчей в CS2: полное руководство"
"Неделя 3: AI в киберспорте: CS2";"3";"прогноз";"🟡 Средний";"прогнозы на турниры ESL по CS2";"Прогнозы на турниры ESL по CS2: советы и стратегии"
"Неделя 3: AI в киберспорте: CS2";"5";"обзор";"🟡 Средний";"лучшие AI инструменты для прогнозов CS2";"Лучшие AI инструменты для прогнозов матчей CS2"
"Неделя 4: AI в киберспорте: Dota 2";"1";"гайд";"🔴 Высокий";"как работает ai аналитика матчей dota 2";"Как работает AI-аналитика матчей Dota 2: Полное руководство"
"Неделя 4: AI в киберспорте: Dota 2";"3";"прогноз";"🟡 Средний";"прогнозы на the international 2023 dota 2";"Прогнозы на The International 2023: Чего ожидать от турнира"
"Неделя 4: AI в киберспорте: Dota 2";"5";"обзор";"🟡 Средний";"лучшие ai инструменты для анализа dota 2";"Лучшие AI-инструменты для анализа матчей Dota 2"